﻿<SASReport version="1.0">
      <Data>
            <IQData type="2DEmbedded" name="TreeData">
                  <EmbeddedData>
                        <Variables>
                              <Variable name="Var1" varName="Var1" type="String" />
                              <Variable name="Var2" varName="Var2" type="String" />
                              <Variable name="Var3" varName="Var3" type="Numeric" />
                              <Variable name="Var4" varName="Var4" type="Numeric" />
                              <Variable name="Var5" varName="Var5" type="Numeric" />
                              <Variable name="Var6" varName="Var6" type="Numeric" />
                              <Variable name="Var7" varName="Var7" type="String"  />
                              <Variable name="Var8" varName="Var8" type="String" />
                              <Variable name="Var9" varName="Var9" type="Numeric" />
                        </Variables>
                        <ValuesList>
    <Values>
      <Value>Non-Missing Values</Value>
      <Value>absences</Value>
      <Value>10</Value>
      <Value>36.46</Value>
      <Value>1</Value>
      <Value>0</Value>
      <Value>          1:        36.5%
 Count:          395</Value>
      <Value>Node Id:            1&#10;&#10;5:        31.1%&#10;1:        36.5%&#10;2:         9.6%&#10;3:        16.7%&#10;4:         1.3%&#10;6:         4.8%&#10; Count:          395</Value>
      <Value>395</Value>
    </Values>
    <Values>
      <Value>&lt; 34 Or Missing</Value>
      <Value>higher</Value>
      <Value>9.8734177215</Value>
      <Value>36.92</Value>
      <Value>2</Value>
      <Value>1</Value>
      <Value>          1:        36.9%
 Count:          390</Value>
      <Value>Node Id:            2&#10;&#10;5:        31.5%&#10;1:        36.9%&#10;2:         9.7%&#10;3:        16.9%&#10;4:         0.0%&#10;6:         4.9%&#10; Count:          390</Value>
      <Value>390</Value>
    </Values>
    <Values>
      <Value>&gt;= 34</Value>
      <Value></Value>
      <Value>0.1265822785</Value>
      <Value>100</Value>
      <Value>3</Value>
      <Value>1</Value>
      <Value>          4:       100.0%
 Count:            5</Value>
      <Value>Node Id:            3&#10;&#10;5:         0.0%&#10;1:         0.0%&#10;2:         0.0%&#10;3:         0.0%&#10;4:       100.0%&#10;6:         0.0%&#10; Count:            5</Value>
      <Value>5</Value>
    </Values>
    <Values>
      <Value>YES Or Missing</Value>
      <Value>Medu</Value>
      <Value>9.3924050633</Value>
      <Value>38.81</Value>
      <Value>4</Value>
      <Value>2</Value>
      <Value>          1:        38.8%
 Count:          371</Value>
      <Value>Node Id:            4&#10;&#10;5:        33.2%&#10;1:        38.8%&#10;2:        10.2%&#10;3:        17.8%&#10;4:         0.0%&#10;6:         0.0%&#10; Count:          371</Value>
      <Value>371</Value>
    </Values>
    <Values>
      <Value>NO</Value>
      <Value></Value>
      <Value>0.4810126582</Value>
      <Value>100</Value>
      <Value>5</Value>
      <Value>2</Value>
      <Value>          6:       100.0%
 Count:           19</Value>
      <Value>Node Id:            5&#10;&#10;5:         0.0%&#10;1:         0.0%&#10;2:         0.0%&#10;3:         0.0%&#10;4:         0.0%&#10;6:       100.0%&#10; Count:           19</Value>
      <Value>19</Value>
    </Values>
    <Values>
      <Value>&lt; 2.5</Value>
      <Value>Fedu</Value>
      <Value>3.7974683544</Value>
      <Value>71.33</Value>
      <Value>6</Value>
      <Value>4</Value>
      <Value>          1:        71.3%
 Count:          150</Value>
      <Value>Node Id:            6&#10;&#10;5:         5.3%&#10;1:        71.3%&#10;2:        19.3%&#10;3:         4.0%&#10;4:         0.0%&#10;6:         0.0%&#10; Count:          150</Value>
      <Value>150</Value>
    </Values>
    <Values>
      <Value>&gt;= 2.5 Or Missing</Value>
      <Value>Walc</Value>
      <Value>5.5949367089</Value>
      <Value>52.04</Value>
      <Value>7</Value>
      <Value>4</Value>
      <Value>          5:        52.0%
 Count:          221</Value>
      <Value>Node Id:            7&#10;&#10;5:        52.0%&#10;1:        16.7%&#10;2:         4.1%&#10;3:        27.1%&#10;4:         0.0%&#10;6:         0.0%&#10; Count:          221</Value>
      <Value>221</Value>
    </Values>
    <Values>
      <Value>&lt; 3.5 Or Missing</Value>
      <Value>Walc</Value>
      <Value>3.5949367089</Value>
      <Value>74.65</Value>
      <Value>8</Value>
      <Value>6</Value>
      <Value>          1:        74.6%
 Count:          142</Value>
      <Value>Node Id:            8&#10;&#10;5:         1.4%&#10;1:        74.6%&#10;2:        19.7%&#10;3:         4.2%&#10;4:         0.0%&#10;6:         0.0%&#10; Count:          142</Value>
      <Value>142</Value>
    </Values>
    <Values>
      <Value>&gt;= 3.5</Value>
      <Value></Value>
      <Value>0.2025316456</Value>
      <Value>75</Value>
      <Value>9</Value>
      <Value>6</Value>
      <Value>          5:        75.0%
 Count:            8</Value>
      <Value>Node Id:            9&#10;&#10;5:        75.0%&#10;1:        12.5%&#10;2:        12.5%&#10;3:         0.0%&#10;4:         0.0%&#10;6:         0.0%&#10; Count:            8</Value>
      <Value>8</Value>
    </Values>
    <Values>
      <Value>&lt; 3.5 Or Missing</Value>
      <Value>Fedu</Value>
      <Value>4.4303797468</Value>
      <Value>64.57</Value>
      <Value>10</Value>
      <Value>7</Value>
      <Value>          5:        64.6%
 Count:          175</Value>
      <Value>Node Id:           10&#10;&#10;5:        64.6%&#10;1:        21.1%&#10;2:         0.6%&#10;3:        13.7%&#10;4:         0.0%&#10;6:         0.0%&#10; Count:          175</Value>
      <Value>175</Value>
    </Values>
    <Values>
      <Value>&gt;= 3.5</Value>
      <Value></Value>
      <Value>1.164556962</Value>
      <Value>78.26</Value>
      <Value>11</Value>
      <Value>7</Value>
      <Value>          3:        78.3%
 Count:           46</Value>
      <Value>Node Id:           11&#10;&#10;5:         4.3%&#10;1:         0.0%&#10;2:        17.4%&#10;3:        78.3%&#10;4:         0.0%&#10;6:         0.0%&#10; Count:           46</Value>
      <Value>46</Value>
    </Values>
    <Values>
      <Value>&lt; 3.5 Or Missing</Value>
      <Value></Value>
      <Value>3.0126582278</Value>
      <Value>84.87</Value>
      <Value>12</Value>
      <Value>8</Value>
      <Value>          1:        84.9%
 Count:          119</Value>
      <Value>Node Id:           12&#10;&#10;5:         1.7%&#10;1:        84.9%&#10;2:        12.6%&#10;3:         0.8%&#10;4:         0.0%&#10;6:         0.0%&#10; Count:          119</Value>
      <Value>119</Value>
    </Values>
    <Values>
      <Value>&gt;= 3.5</Value>
      <Value></Value>
      <Value>0.582278481</Value>
      <Value>56.52</Value>
      <Value>13</Value>
      <Value>8</Value>
      <Value>          2:        56.5%
 Count:           23</Value>
      <Value>Node Id:           13&#10;&#10;5:         0.0%&#10;1:        21.7%&#10;2:        56.5%&#10;3:        21.7%&#10;4:         0.0%&#10;6:         0.0%&#10; Count:           23</Value>
      <Value>23</Value>
    </Values>
    <Values>
      <Value>&lt; 2.5</Value>
      <Value>Medu</Value>
      <Value>1.1898734177</Value>
      <Value>59.57</Value>
      <Value>14</Value>
      <Value>10</Value>
      <Value>          1:        59.6%
 Count:           47</Value>
      <Value>Node Id:           14&#10;&#10;5:        34.0%&#10;1:        59.6%&#10;2:         2.1%&#10;3:         4.3%&#10;4:         0.0%&#10;6:         0.0%&#10; Count:           47</Value>
      <Value>47</Value>
    </Values>
    <Values>
      <Value>&gt;= 2.5 Or Missing</Value>
      <Value>Dalc</Value>
      <Value>3.2405063291</Value>
      <Value>75.78</Value>
      <Value>15</Value>
      <Value>10</Value>
      <Value>          5:        75.8%
 Count:          128</Value>
      <Value>Node Id:           15&#10;&#10;5:        75.8%&#10;1:         7.0%&#10;2:         0.0%&#10;3:        17.2%&#10;4:         0.0%&#10;6:         0.0%&#10; Count:          128</Value>
      <Value>128</Value>
    </Values>
    <Values>
      <Value>&lt; 3.5 Or Missing</Value>
      <Value></Value>
      <Value>0.7848101266</Value>
      <Value>80.65</Value>
      <Value>18</Value>
      <Value>14</Value>
      <Value>          1:        80.6%
 Count:           31</Value>
      <Value>Node Id:           18&#10;&#10;5:        16.1%&#10;1:        80.6%&#10;2:         0.0%&#10;3:         3.2%&#10;4:         0.0%&#10;6:         0.0%&#10; Count:           31</Value>
      <Value>31</Value>
    </Values>
    <Values>
      <Value>&gt;= 3.5</Value>
      <Value></Value>
      <Value>0.4050632911</Value>
      <Value>68.75</Value>
      <Value>19</Value>
      <Value>14</Value>
      <Value>          5:        68.8%
 Count:           16</Value>
      <Value>Node Id:           19&#10;&#10;5:        68.8%&#10;1:        18.8%&#10;2:         6.3%&#10;3:         6.3%&#10;4:         0.0%&#10;6:         0.0%&#10; Count:           16</Value>
      <Value>16</Value>
    </Values>
    <Values>
      <Value>&lt; 1.5 Or Missing</Value>
      <Value></Value>
      <Value>2.6329113924</Value>
      <Value>86.54</Value>
      <Value>20</Value>
      <Value>15</Value>
      <Value>          5:        86.5%
 Count:          104</Value>
      <Value>Node Id:           20&#10;&#10;5:        86.5%&#10;1:         7.7%&#10;2:         0.0%&#10;3:         5.8%&#10;4:         0.0%&#10;6:         0.0%&#10; Count:          104</Value>
      <Value>104</Value>
    </Values>
    <Values>
      <Value>&gt;= 1.5</Value>
      <Value></Value>
      <Value>0.6075949367</Value>
      <Value>66.67</Value>
      <Value>21</Value>
      <Value>15</Value>
      <Value>          3:        66.7%
 Count:           24</Value>
      <Value>Node Id:           21&#10;&#10;5:        29.2%&#10;1:         4.2%&#10;2:         0.0%&#10;3:        66.7%&#10;4:         0.0%&#10;6:         0.0%&#10; Count:           24</Value>
      <Value>24</Value>
    </Values>
                        </ValuesList>
                  </EmbeddedData>
            </IQData>
      </Data>

      <View>
            <Section>
                  <Body>
                        <Graph name="DecisionTree" >
                              <ChartDataList>
                                    <ChartData name="DTreeData" data="TreeData" >
                                          <Roles>
                                                <Role type="AboveText"   variable="Var1" > </Role>
                                                <Role type="BelowText"   variable="Var2" > </Role>
                                                <Role type="LinkWidth"   variable="Var3" > </Role>
                                                <Role type="NodeColor"   variable="Var4" > </Role>
                                                <Role type="ID"      variable="Var5" > </Role>
                                                <Role type="Parent"    variable="Var6" > </Role>
                                                <Role type="NodeText"    variable="Var7" > </Role>
                                                <Role type="ToolTipText" variable="Var8" > </Role>
                                                <Role type="NodeSize"    variable="Var9" > </Role>
                                          </Roles>
                                    </ChartData>
                              </ChartDataList>
                              <ColorMappers>
                                    <ColorRamp  name="NodeColorRamp"
                                                      underFlowColor="Red"
                                                      overflowColor="Green"
                                                      low="0"
                                                      high="1000"
                                                      beginColor="CX0000FF"
                                                      endColor="CXFFFFFF" >
                                    </ColorRamp>
                                    <ColorRamp  name="LinkColorRamp"
                                                      low="1"
                                                      high="10"
                                                      beginColor="CX000000"
                                                      endColor="CX000000" >
                                    </ColorRamp>
                              </ColorMappers>
                              <ChartAreas>
                                    <ChartArea>
                                          <Charts>
                                          <DecisionTree name="DTree"
                                                  chartData="DTreeData"
                                                  selectionColor="CX00FF00"
                                                  orientation="Vertical"
                                                  emptyNodes="False"
                                                  legendVisible="False"
                                                  titleAnchor="Root"
                                                  footnoteAnchor="Chart"
                                                  displayDepth="4" >

                                    <SplitVarList>
                                          <SplitVar name="SPLIT VAR A" type="DISCRETE" missingBranch="3" values="1,A:1,B:2,C:3,D"/>
                                          <SplitVar name="SPLIT VAR B" type="CONTINUOUS" breaks="10:50:100" />
                                    </SplitVarList>

                                    <IciclePlot isVisible="True"></IciclePlot>

                                    <NodeStyle colorMapper="NodeColorRamp"
                                                   outlineColor="Black"
                                                   outlineWidth="1">
                                          <NodeText textColor="Black"
                                                        textFont="SansSerif"
                                                        textSize="12 pt"
                                                        textFlags="Bold" />
                                    </NodeStyle>
                                    <FlaggedNodeStyle color="CXFF8844"
                                                              outlineColor="Black"
                                                              outlineWidth="3" >
                                          <FlaggedNodeText textColor="Black"
                                                        textFont="SansSerif"
                                                        textSize="12 pt"
                                                        textFlags="Italic" />
                                    </FlaggedNodeStyle>
                                    <LinkStyle textVisible="True"
                                                   colorMapper="LinkColorRamp"
                                                   linkStyle="Manhattan"
                                                   staticWidth="3" >
                                          <LinkText textColor="Black"
                                                        textFont="SansSerif"
                                                        textSize="10 pt"
                                                        textFlags="Bold" />
                                    </LinkStyle>
                                    <GraphStyle numBars="3"
                                                      numStacks="3"
                                                      axisMin="0"
                                                      axisMax="20"
                                                      orientation="Vertical"
                                                      visible="True" >
                                    </GraphStyle>
                              </DecisionTree>
                              </Charts>
                        </ChartArea>
                  </ChartAreas>
            </Graph>
      </Body>
      </Section>
      </View>

  </SASReport>

